UserID,Header,Date,Text
4,Header1,05/31/2024 18:59:53,Deneme5
5,Header2,05/24/2024 20:17:22,Deneme1
7,Header3,05/31/2024 18:59:53,Deneme2
1,aSDASDASD3,05/31/2024 21:08:52,Deneme312
1,qqq,05/31/2024 21:08:59,qqq
1,asas,05/31/2024 21:10:58,asddda
1,aSDASDASDa,05/31/2024 21:12:05,Testaloooo
1,asdasdasdasd,05/31/2024 21:25:27,asdasda
1,1234abb,05/31/2024 21:25:48,asdasdasdasdTestaaa
1,qqqq,05/31/2024 21:29:21,asasd
3,Arda Test2,06/02/2024 15:55:27,asdasdasda
3,ArdaTestUpdate,06/02/2024 15:55:37,sasasa
